k;k;k;k;k;k;k;k;k;k;k;k;k;k;k;k;k;k;k;k;k;k;k;k;k;k;k;k;k;k;k;k;k;k;k;k;k;k;k;k;k;k;k;k;k;k;k;k;k;k;k;k;k;k;k;k;k;p;p;p;p;p;p;p;p;p;p;p;k;k;k;k;k;k;k;k;k;k;k;k;k;k;p;p;p;p;p;p;p;p;p;p;p;k;k;k;k;k;k;k;k;k;k;k;k;k;k;p;p;p;p;p;p;p;p;p;p;p;k;k;k;k;k;k;k;k;k;k;k;k;k;k;p;p;p;p;p;p;p;p;p;p;p;k;k;k;k;k;k;k;k;k;k;k;k;k;k;p;p;p;p;p;p;p;p;p;p;p;k;k;k;k;k;k;k;k;k;k;k;k;k;k;p;p;p;p;p;p;p;p;p;p;p;k;k;k;k;k;k;k;k;k;k;k;k;k;k;k;k;k;k;k;k;k;k;k;k;k;k;k;k;k;k;k;k;k;k;k;k;k;k;k;k;k;k;k;k;k;k;k;k;k;k;k;k;k;k;k;k;k;
k;k;k;k;k;k;k;k;k;k;k;k;k;k;k;k;k;k;k;k;k;k;k;k;k;k;k;k;k;k;k;k;k;k;k;k;k;k;k;k;k;k;k;k;k;k;k;k;k;k;k;k;k;k;k;k;p;p;p;p;z;z;z;z;z;p;p;p;p;k;k;k;k;k;k;k;k;k;k;k;k;p;p;p;p;z;z;z;z;z;p;p;p;p;k;k;k;k;k;k;k;k;k;k;k;k;p;p;p;p;z;z;z;z;z;p;p;p;p;k;k;k;k;k;k;k;k;k;k;k;k;p;p;p;p;z;z;z;z;z;p;p;p;p;k;k;k;k;k;k;k;k;k;k;k;k;p;p;p;p;z;z;z;z;z;p;p;p;p;k;k;k;k;k;k;k;k;k;k;k;k;p;p;p;p;z;z;z;z;z;p;p;p;p;k;k;k;k;k;k;k;k;k;k;k;k;k;k;k;k;k;k;k;k;k;k;k;k;k;k;k;k;k;k;k;k;k;k;k;k;k;k;k;k;k;k;k;k;k;k;k;k;k;k;k;k;k;k;k;k;
z;z;z;z;z;z;f;f;f;f;f;f;f;f;f;f;f;f;f;z;z;z;z;z;z;z;z;z;z;z;z;f;z;z;z;z;z;z;z;z;z;z;z;f;z;z;z;z;z;z;z;z;z;z;z;z;f;z;p;p;p;p;p;p;p;p;p;z;f;z;z;z;z;z;z;z;z;z;z;z;z;f;z;p;f;f;f;f;f;f;f;p;z;f;z;z;z;z;z;z;z;z;z;z;z;z;f;z;p;f;p;p;p;p;p;f;p;z;f;z;z;z;z;z;z;z;z;z;z;z;z;f;z;p;f;p;p;p;p;p;f;p;z;f;z;z;z;z;z;z;z;z;z;z;z;z;f;z;p;f;f;f;f;f;f;f;p;z;f;z;z;z;z;z;z;z;z;z;z;z;z;f;z;p;p;p;p;p;p;p;p;p;z;f;z;z;z;z;z;z;z;z;z;z;z;z;f;z;z;z;z;z;z;z;z;z;z;z;f;z;z;z;z;z;z;z;z;z;z;z;z;f;f;f;f;f;f;f;f;f;f;f;f;f;z;z;z;z;z;z;
z;z;z;f;z;z;z;z;m;m;m;m;m;m;m;m;z;z;z;z;z;z;z;z;z;z;z;f;f;z;z;z;m;m;z;z;z;z;z;z;m;m;m;z;z;z;z;z;z;z;z;f;f;z;z;z;m;m;z;f;f;f;f;f;f;z;z;m;m;m;m;m;m;m;m;f;f;z;z;z;m;m;z;f;f;z;z;z;z;f;f;z;z;z;m;m;m;m;m;m;z;z;z;z;m;m;z;z;f;z;z;p;p;z;z;f;z;z;z;z;z;z;z;z;z;z;z;z;z;m;m;z;z;f;z;z;p;p;z;z;f;z;z;z;m;m;m;m;m;m;f;f;z;z;z;m;m;z;f;f;z;z;z;z;f;f;z;m;m;m;m;m;m;m;m;z;f;f;z;z;z;m;m;z;f;f;f;f;f;f;z;m;m;z;z;z;z;z;z;z;z;z;f;f;z;z;z;m;m;z;z;z;z;z;z;m;m;z;z;z;z;z;z;z;z;z;z;z;f;z;z;z;z;m;m;m;m;m;m;m;m;z;z;z;z;z;z;z;z;z;
f;f;f;f;f;f;f;f;f;f;p;p;p;p;p;p;p;p;p;p;p;p;p;p;p;f;p;p;p;p;f;f;f;f;f;z;z;f;f;f;f;f;z;z;p;p;p;p;p;p;f;p;p;p;p;z;z;z;z;z;z;z;f;f;f;f;f;z;z;z;z;z;z;z;z;f;z;z;z;z;p;p;p;p;p;p;p;p;p;p;p;p;z;z;z;z;z;z;z;z;f;z;z;z;z;p;p;p;p;p;p;p;p;p;p;p;p;z;z;z;z;z;z;z;z;f;f;f;f;f;f;f;f;f;f;f;f;f;f;f;f;f;f;f;f;f;f;f;f;f;z;z;z;z;z;z;z;p;p;p;p;p;f;f;f;p;p;p;p;f;f;f;f;f;f;z;z;z;z;z;z;z;p;p;p;p;p;f;f;f;p;p;p;p;f;f;f;f;f;f;p;p;p;p;p;p;p;z;z;z;z;z;f;f;f;f;f;f;f;f;f;z;z;z;z;p;p;p;p;p;p;p;z;z;z;z;z;f;f;f;f;f;f;f;f;f;z;z;z;z;
f;f;f;f;f;f;f;f;f;f;f;f;z;z;z;z;z;z;z;z;z;z;z;z;z;f;f;f;f;f;f;f;f;f;f;f;f;z;z;z;z;z;z;z;z;z;z;z;z;z;f;f;f;z;z;z;z;z;z;z;z;z;z;z;z;z;z;z;z;z;z;z;z;z;z;f;f;z;f;f;f;p;p;p;p;p;p;p;p;p;p;p;p;p;p;p;z;z;z;z;f;f;z;f;f;f;p;p;p;p;p;p;p;p;p;p;p;p;p;p;p;z;z;z;z;p;p;z;p;p;p;f;f;f;f;f;f;f;f;f;f;f;f;f;p;p;z;z;z;z;p;p;z;p;p;p;f;f;f;f;f;f;f;f;f;f;f;f;f;p;p;z;z;z;z;p;p;p;z;z;z;z;z;z;z;z;z;z;z;z;z;z;f;f;p;p;z;z;z;z;p;p;p;p;p;p;p;p;p;p;p;p;z;z;z;z;z;f;f;p;p;z;z;z;z;p;p;p;p;p;p;p;p;p;p;p;p;z;z;z;z;z;f;f;p;p;z;z;z;z;
c;c;c;c;c;z;z;z;s;s;s;z;z;z;z;z;z;z;s;s;c;c;c;f;z;c;c;c;c;c;z;z;z;s;s;s;z;z;p;p;p;z;z;s;s;c;c;c;f;z;c;c;c;c;c;z;z;z;s;s;s;z;z;p;p;p;z;z;s;s;c;c;c;f;z;c;c;c;c;c;z;z;z;s;s;s;z;z;z;z;z;z;z;s;s;c;c;c;f;z;c;c;c;c;c;z;z;z;s;s;s;z;z;p;p;p;z;z;s;s;c;c;c;f;z;c;c;c;c;c;z;z;z;s;s;s;z;z;p;p;p;z;z;s;s;c;c;c;f;z;c;c;c;c;c;z;z;z;s;s;s;z;z;z;z;z;z;z;s;s;c;c;c;f;z;c;c;c;c;c;z;z;z;s;s;s;z;z;p;p;p;z;z;s;s;c;c;c;f;z;c;c;c;c;c;z;z;z;s;s;s;z;z;p;p;p;z;z;s;s;c;c;c;f;z;c;c;c;c;c;z;z;z;s;s;s;z;z;z;z;z;z;z;s;s;c;c;c;f;z;
c;c;c;c;c;c;c;c;c;c;c;c;c;c;c;c;c;c;c;c;c;c;c;c;c;c;s;s;s;s;s;s;s;s;s;s;s;s;s;s;c;c;c;z;z;z;z;z;z;c;c;s;s;c;c;c;c;c;c;c;c;c;c;s;s;c;c;c;z;z;z;z;z;z;c;c;s;s;c;c;s;s;s;s;s;s;c;c;s;s;c;c;c;c;c;c;c;c;c;c;c;s;s;c;c;s;s;z;z;s;s;c;c;s;s;c;c;c;z;z;z;z;z;z;c;c;s;s;c;c;s;s;z;z;s;s;c;c;s;s;c;c;c;z;c;c;c;c;z;c;c;s;s;c;c;s;s;s;s;s;s;c;c;s;s;c;c;c;z;c;s;s;c;z;c;c;s;s;c;c;c;c;c;c;c;c;c;c;s;s;c;c;c;z;c;c;c;c;z;c;c;s;s;s;s;s;s;s;s;s;s;s;s;s;s;c;c;c;z;z;z;z;z;z;c;c;c;c;c;c;c;c;c;c;c;c;c;c;c;c;c;c;c;c;c;c;c;c;c;c;
p;p;p;p;p;p;p;p;p;g;g;g;g;s;s;s;p;p;p;p;p;p;p;p;p;p;p;p;p;p;p;p;p;p;g;g;g;g;s;s;s;p;p;p;p;p;p;p;p;p;p;p;p;p;p;p;f;p;p;g;g;g;g;s;s;s;p;p;p;p;p;p;p;p;p;p;p;p;p;p;f;f;p;p;g;g;g;g;s;s;s;p;p;p;p;p;p;p;p;p;p;p;p;p;f;f;f;p;p;g;g;g;g;s;s;s;p;p;p;p;p;p;p;p;p;p;p;p;f;f;f;f;f;f;f;f;f;f;f;f;f;f;f;f;f;f;f;p;p;p;p;p;p;p;f;f;f;p;p;g;g;g;g;s;s;s;p;p;p;p;p;p;p;p;p;p;p;p;p;p;f;f;p;p;g;g;g;g;s;s;s;p;p;p;p;p;p;p;p;p;p;p;p;p;p;p;f;p;p;g;g;g;g;s;s;s;p;p;p;p;p;p;p;p;p;p;p;p;p;p;p;p;p;p;g;g;g;g;s;s;s;p;p;p;p;p;p;p;p;p;
p;p;p;p;p;p;p;p;p;g;g;g;g;s;s;s;p;p;p;p;p;p;p;p;p;p;p;p;p;p;p;p;p;p;g;g;g;g;s;s;s;p;p;p;p;p;p;p;p;p;p;p;p;p;p;p;f;p;p;g;g;g;g;s;s;s;p;p;p;p;p;p;p;p;p;p;p;p;p;p;f;f;p;p;g;g;g;g;s;s;s;p;p;p;p;p;p;p;p;p;p;p;p;p;f;f;f;p;p;g;g;g;g;s;s;s;p;p;p;p;p;p;p;p;p;p;p;p;f;f;f;f;f;f;p;p;p;p;f;f;f;f;f;f;f;f;f;p;p;p;p;p;p;p;f;f;f;p;p;g;g;g;g;s;s;s;p;p;p;p;p;p;p;p;p;p;p;p;p;p;f;f;p;p;g;g;g;g;s;s;s;p;p;p;p;p;p;p;p;p;p;p;p;p;p;p;f;p;p;g;g;g;g;s;s;s;p;p;p;p;p;p;p;p;p;p;p;p;p;p;p;p;p;p;g;g;g;g;s;s;s;p;p;p;p;p;p;p;p;p;
f;f;f;f;f;f;f;f;f;s;s;f;f;f;s;s;f;f;f;f;f;f;f;f;f;f;f;f;f;f;f;f;f;f;s;s;f;f;f;s;s;f;f;f;f;f;f;f;f;f;f;f;f;f;f;c;c;c;c;b;b;b;b;b;b;b;c;c;c;c;f;f;f;f;f;f;f;f;f;f;c;c;c;c;b;b;b;b;b;b;b;c;c;c;c;f;f;f;f;f;f;f;f;f;f;c;c;c;c;b;b;b;b;b;b;b;c;c;c;c;f;f;f;f;f;f;f;f;f;f;c;c;c;c;b;b;b;b;b;b;b;c;c;c;c;f;f;f;f;f;f;f;f;f;f;c;c;c;c;b;b;b;b;b;b;b;c;c;c;c;f;f;f;f;f;f;f;f;f;f;c;c;c;c;b;b;b;b;b;b;b;c;c;c;c;f;f;f;f;f;f;f;f;f;f;f;f;f;f;s;s;f;f;f;s;s;f;f;f;f;f;f;f;f;f;f;f;f;f;f;f;f;f;f;s;s;f;f;f;s;s;f;f;f;f;f;f;f;f;f;
f;f;f;f;f;f;f;f;f;f;f;p;p;p;p;p;p;p;p;p;p;p;p;p;p;f;p;p;p;p;p;f;f;f;f;f;s;s;g;g;g;s;s;p;p;p;p;p;p;p;f;p;p;p;p;p;s;s;s;s;s;s;s;g;g;g;s;s;s;s;s;s;s;s;s;f;s;s;s;s;s;p;p;p;p;p;p;p;p;p;p;s;s;s;s;s;s;s;s;s;f;s;s;s;s;s;p;p;p;p;p;p;p;p;p;p;s;s;s;s;s;s;s;s;s;f;f;f;f;f;f;g;g;f;f;f;f;f;f;f;f;f;f;f;f;f;f;f;f;f;s;s;s;s;s;s;p;p;p;p;p;f;f;p;p;p;p;p;f;f;f;f;f;f;f;s;s;s;s;s;s;p;p;p;p;p;f;f;p;p;p;p;p;f;f;f;f;f;f;f;p;p;p;p;p;p;s;s;s;s;s;f;f;f;f;f;f;f;f;f;f;g;g;g;g;p;p;p;p;p;p;s;s;s;s;s;f;f;f;f;f;f;f;f;f;f;g;g;g;g;
f;f;f;f;f;f;f;f;f;f;f;f;f;p;f;f;f;f;f;f;f;f;f;f;f;f;f;f;f;f;f;f;f;f;f;f;f;p;f;f;f;f;f;f;f;f;f;f;f;f;f;f;f;f;f;f;f;f;f;f;f;p;f;f;f;f;f;f;f;f;f;f;f;f;f;f;f;f;f;f;f;f;f;f;f;p;f;f;f;f;f;f;m;m;f;f;m;m;f;f;f;f;f;f;f;f;f;f;f;p;f;f;f;f;f;f;f;m;m;f;f;m;m;f;f;f;f;f;f;f;f;f;f;p;f;f;f;f;f;f;f;f;f;f;m;m;f;f;f;f;f;f;f;f;f;f;f;p;f;f;f;f;f;f;f;f;f;f;f;m;m;f;f;f;f;f;f;f;f;f;f;p;f;f;f;f;f;f;f;f;f;f;m;m;f;f;m;m;f;f;f;f;f;f;f;p;f;f;f;f;f;f;f;f;f;f;f;m;m;f;f;m;m;f;f;f;f;f;f;p;f;f;f;f;f;f;f;f;f;f;f;f;f;f;f;f;f;f;f;f;
f;f;f;f;f;f;f;f;f;f;f;f;f;p;f;f;f;f;f;f;f;f;f;f;f;f;f;f;f;f;f;f;f;f;f;f;f;p;f;f;f;f;f;f;f;f;f;f;f;f;f;f;f;f;f;f;f;f;f;f;f;p;f;f;f;f;f;f;f;f;f;f;f;f;f;f;f;f;f;f;f;f;f;f;f;s;f;f;f;f;f;f;m;m;f;f;m;m;f;f;f;f;f;f;f;f;f;f;f;p;f;f;f;f;f;f;f;m;m;f;f;m;m;f;f;f;f;f;f;f;f;f;f;p;f;f;f;f;f;f;f;f;f;f;m;m;f;f;f;f;f;f;f;f;f;f;f;p;f;f;f;f;f;f;f;f;f;f;f;m;m;f;f;f;f;f;f;f;f;f;f;p;f;f;f;f;f;f;f;f;f;f;m;m;f;f;m;m;f;f;f;f;f;f;f;p;f;f;f;f;f;f;f;f;f;f;f;m;m;f;f;m;m;f;f;f;f;f;f;p;f;f;f;f;f;f;f;f;f;f;f;f;f;f;f;f;f;f;f;f;
f;f;s;s;f;f;f;f;p;f;f;f;f;p;f;f;f;f;f;f;f;f;f;f;f;f;f;s;s;f;f;f;s;f;f;f;f;p;f;f;f;f;f;f;f;f;f;f;f;f;p;p;f;f;f;f;p;f;f;f;f;p;f;f;f;f;f;f;f;f;f;f;f;f;f;p;p;f;f;f;p;f;f;f;f;s;f;f;f;f;f;f;m;m;f;f;m;m;f;f;f;f;f;f;p;f;f;f;f;p;f;f;f;f;f;f;f;m;m;f;f;m;m;f;f;f;f;f;p;f;f;f;f;p;f;f;f;f;f;f;f;f;f;f;m;m;f;f;f;f;f;f;p;f;f;f;f;p;f;f;f;f;f;f;f;f;f;f;f;m;m;f;f;f;f;f;p;f;f;f;f;p;f;f;f;f;f;f;f;f;f;f;m;m;f;f;m;m;f;f;f;f;f;f;f;p;f;f;f;f;f;f;f;f;f;f;f;m;m;f;f;m;m;f;f;f;f;f;f;p;f;f;f;f;f;f;f;f;f;f;f;f;f;f;f;f;f;f;f;f;
f;f;f;f;f;f;f;f;p;f;f;f;f;f;f;f;f;f;f;f;f;f;f;f;f;f;f;f;f;f;f;f;s;f;f;f;f;f;f;f;f;f;f;f;f;f;f;f;f;f;f;f;f;f;f;f;p;f;f;f;f;f;f;f;f;f;f;f;f;f;f;f;f;f;f;f;f;f;f;f;p;f;p;f;f;f;f;f;f;f;f;f;m;m;f;f;m;m;f;f;f;f;f;f;s;f;f;f;s;f;f;f;f;f;f;f;f;m;m;f;f;m;m;f;f;f;f;f;p;f;f;f;f;f;p;f;f;f;f;f;f;f;f;f;m;m;f;f;f;f;f;f;p;f;f;m;f;m;f;f;p;f;f;f;f;f;f;f;f;m;m;f;f;f;f;f;p;f;f;f;f;m;f;f;f;f;p;f;f;f;f;f;m;m;f;f;m;m;f;f;p;f;f;f;f;m;f;m;f;f;f;f;p;f;f;f;f;m;m;f;f;m;m;f;f;f;f;f;f;f;f;f;f;f;f;f;f;f;p;f;f;f;f;f;f;f;f;f;f;f;
s;s;s;s;s;s;s;s;p;p;f;f;f;f;f;p;p;s;s;s;s;s;s;s;s;s;p;p;p;p;g;p;p;p;p;f;f;f;f;f;p;p;p;p;g;p;p;p;p;s;s;p;p;p;p;g;p;p;f;f;f;f;f;f;f;f;f;p;p;g;p;p;p;p;s;s;g;g;g;g;s;p;p;s;s;s;s;g;s;s;s;s;p;p;s;g;g;g;g;s;s;f;f;f;f;f;s;s;f;f;f;f;p;f;f;f;f;s;s;f;f;f;f;f;s;s;f;f;f;f;f;s;s;f;f;f;f;p;f;f;f;f;s;s;f;f;f;f;f;s;f;g;g;g;g;s;f;f;s;s;s;s;g;s;s;s;s;f;f;s;g;g;g;g;f;s;p;p;p;p;g;f;f;f;f;f;f;f;f;f;f;f;f;f;g;p;p;p;p;s;f;p;p;p;p;g;f;f;f;f;f;f;f;f;f;f;f;f;f;g;p;p;p;p;f;f;f;f;s;s;f;s;s;f;f;f;f;f;f;f;f;f;s;s;f;s;s;f;f;f;
s;s;s;s;s;s;s;s;p;p;f;f;g;f;f;p;p;s;s;s;s;s;s;s;s;s;p;p;p;p;g;p;p;p;p;f;f;g;f;f;p;p;p;p;g;p;p;p;p;s;s;p;p;p;p;g;p;p;f;f;f;f;f;f;f;f;f;p;p;g;p;p;p;p;s;s;g;g;g;g;s;p;p;s;s;s;s;g;s;s;s;s;p;p;s;g;g;g;g;s;s;f;f;f;f;f;s;s;f;f;f;f;p;f;f;f;f;s;s;f;f;f;f;f;s;s;f;f;f;f;f;s;s;f;f;f;f;p;f;f;f;f;s;s;f;f;f;f;f;s;f;g;g;g;g;s;f;f;s;s;s;s;g;s;s;s;s;f;f;s;g;g;g;g;f;s;p;p;p;p;g;f;f;f;f;f;f;f;f;f;f;f;f;f;g;p;p;p;p;s;f;p;p;p;p;g;f;f;f;f;s;s;s;s;s;f;f;f;f;g;p;p;p;p;f;g;f;f;s;s;f;s;s;f;s;s;s;s;s;s;s;f;s;s;f;s;s;f;f;g;
b;b;b;b;b;b;b;b;f;f;f;f;f;f;f;f;f;f;f;f;f;f;f;f;f;b;b;b;b;b;b;b;b;f;f;f;f;f;f;m;m;m;m;f;b;b;b;b;f;f;f;f;b;b;b;b;f;f;f;f;f;f;f;f;m;f;f;m;f;b;f;f;b;f;f;f;f;f;b;b;f;f;f;f;f;f;f;f;f;m;f;f;m;f;c;f;f;b;f;f;f;f;f;b;b;f;f;c;c;c;c;c;f;f;m;f;f;c;f;c;f;f;b;f;f;f;f;f;b;b;f;f;c;f;f;f;c;f;f;m;f;f;c;f;c;f;f;b;f;f;f;f;b;b;b;f;f;c;f;f;f;c;f;f;m;f;f;c;c;c;f;f;b;f;f;f;f;b;f;f;f;f;c;f;f;f;c;f;f;c;f;f;f;f;f;f;b;b;b;b;f;f;b;b;b;b;b;c;f;f;f;c;c;c;c;f;f;f;f;f;b;b;b;b;b;f;f;f;f;f;f;f;f;f;f;f;f;f;f;f;f;f;f;f;f;b;b;b;b;b;
b;f;f;f;f;f;f;b;f;f;f;f;f;f;f;f;f;f;f;f;f;f;f;f;f;b;b;f;f;f;f;b;b;f;f;f;f;f;f;m;m;m;m;f;b;b;b;b;f;f;f;f;b;b;b;b;f;f;f;f;f;f;f;f;m;f;f;m;f;b;f;f;b;f;f;f;f;f;b;b;f;f;f;f;f;f;f;f;f;m;f;f;m;f;c;f;f;b;f;f;f;f;f;b;b;f;f;c;c;c;c;c;f;f;m;f;f;c;f;c;f;f;b;f;f;f;f;f;b;b;f;f;c;f;f;f;c;f;f;m;f;f;c;f;c;f;f;b;f;f;f;f;b;b;b;f;f;c;f;f;f;c;f;f;m;f;f;c;c;c;f;f;b;f;f;f;f;b;f;f;f;f;c;f;f;f;c;f;f;c;f;f;f;f;f;f;b;b;b;b;f;f;b;b;b;b;b;c;f;f;f;c;c;c;c;f;f;f;f;f;b;b;f;f;b;f;f;f;f;f;f;f;f;f;f;f;f;f;f;f;f;f;f;f;f;b;f;f;f;f;
b;f;f;f;f;f;f;b;f;f;f;f;f;f;f;f;f;f;f;f;f;f;f;f;f;b;b;f;f;f;f;b;b;f;f;f;f;f;f;m;m;m;m;f;m;m;m;b;f;f;f;f;b;b;b;b;f;f;f;f;f;f;f;f;m;f;f;m;f;m;f;f;c;f;f;f;f;f;b;b;f;f;f;f;f;f;f;f;f;m;f;f;m;f;c;f;f;c;f;f;f;f;f;b;b;f;f;c;c;c;c;c;f;f;m;f;f;c;f;c;f;f;c;f;f;f;f;f;c;c;f;f;c;f;f;f;c;f;f;m;f;f;c;f;c;f;f;b;f;f;f;f;b;c;c;f;f;c;f;f;f;c;f;f;m;f;f;c;c;c;f;f;b;f;f;f;f;m;f;f;f;f;c;f;f;f;c;f;f;c;f;f;f;f;f;f;b;b;b;b;f;f;m;m;m;m;m;c;f;f;f;c;c;c;c;f;f;f;f;f;b;b;f;f;b;f;f;f;f;f;f;f;f;f;f;f;f;f;f;f;f;f;f;f;f;b;f;f;f;f;
k;z;z;m;m;k;k;k;m;m;z;z;z;z;z;z;z;z;k;k;k;k;k;k;k;z;z;k;k;m;m;k;m;m;k;k;k;k;k;k;k;k;z;k;k;k;k;k;m;m;z;k;k;k;k;m;m;m;k;k;s;s;s;s;s;s;s;z;s;s;s;s;s;m;m;k;k;s;k;k;k;m;k;s;s;s;m;m;m;m;m;m;z;m;m;m;m;m;m;m;m;m;s;m;m;m;m;k;s;s;s;m;m;m;m;m;k;z;k;k;k;k;k;s;k;m;k;s;k;k;k;k;k;s;s;s;m;m;m;k;z;z;z;k;k;k;k;k;s;k;m;k;s;s;k;k;k;k;s;s;s;m;m;m;k;z;k;k;k;k;k;k;k;s;k;m;k;k;s;k;m;m;m;s;s;s;m;m;m;z;z;z;k;k;k;s;s;s;s;s;m;m;m;m;m;m;k;k;s;s;s;s;s;z;z;k;z;s;s;s;s;k;k;k;s;k;k;k;s;s;s;s;s;s;s;s;s;s;z;k;k;k;s;s;s;k;k;k;k;k;
f;f;f;f;f;f;f;f;f;f;f;f;f;f;f;f;f;f;f;f;f;f;f;f;f;f;f;f;c;c;c;c;c;c;c;f;f;b;b;b;b;b;b;b;f;f;f;f;f;f;f;f;f;c;f;f;f;f;f;c;f;f;b;f;f;f;f;f;b;f;f;f;f;f;f;f;f;f;c;f;f;m;m;m;m;m;m;m;m;f;f;f;f;b;f;f;f;f;f;f;f;f;f;c;f;f;m;f;f;c;f;f;b;m;f;f;f;f;b;f;f;f;f;f;f;f;f;f;c;f;f;m;f;f;c;f;f;b;b;b;b;b;b;b;f;f;f;f;f;f;f;f;f;c;c;c;c;c;c;c;f;f;f;m;f;f;c;c;c;c;c;c;f;f;f;f;f;f;f;f;f;m;f;f;f;f;f;f;m;f;f;c;f;f;f;f;c;f;f;f;f;f;f;f;f;f;m;m;m;m;m;m;m;m;f;f;c;c;c;c;c;c;f;f;f;f;f;f;f;f;f;f;f;f;f;f;f;f;f;f;f;f;f;f;f;f;f;f;f;f;
f;f;f;f;f;s;s;s;s;s;s;s;s;s;f;c;c;c;c;c;c;c;c;c;f;f;f;f;f;f;s;f;f;f;f;f;m;m;s;m;m;m;m;m;m;m;m;m;c;m;f;f;f;c;c;s;c;f;f;f;f;m;f;s;f;c;c;c;c;c;c;c;c;c;m;f;f;f;c;f;s;c;s;s;s;s;m;s;s;f;f;f;f;f;f;f;f;f;f;m;m;m;m;c;m;f;c;f;f;f;f;m;c;c;c;f;f;f;f;f;f;f;f;f;m;m;f;f;c;m;c;c;f;f;f;f;m;c;m;m;m;m;m;m;m;m;m;m;m;m;m;f;f;f;m;f;f;f;f;f;f;f;c;f;c;f;f;f;s;s;s;s;s;s;s;m;m;m;m;m;s;s;f;f;f;f;f;c;f;c;f;f;f;s;f;f;f;f;f;s;f;f;f;f;s;f;s;f;f;f;f;f;c;f;c;f;f;f;s;f;f;f;f;f;s;f;f;f;f;s;s;s;f;f;f;f;f;c;c;c;f;f;f;s;s;s;s;s;s;s;
f;f;f;f;f;f;f;f;f;f;f;m;m;m;m;m;s;s;s;s;s;s;f;f;f;f;f;m;m;m;m;c;c;c;c;c;m;c;f;f;f;s;m;m;m;m;s;f;f;f;c;c;m;c;f;m;c;f;f;f;f;m;c;f;f;f;s;s;s;s;m;s;f;f;f;c;f;m;c;f;m;c;c;c;c;c;c;c;f;f;f;f;f;f;f;m;f;f;f;f;c;c;c;c;f;m;m;m;m;m;m;m;f;f;f;f;f;f;f;c;c;c;f;f;f;f;f;m;f;f;f;f;f;f;f;f;s;s;s;s;s;s;f;f;c;m;c;f;f;f;f;m;m;f;f;f;f;f;f;f;f;s;m;m;m;m;s;m;m;m;m;c;f;f;f;f;m;f;c;c;c;c;c;m;m;m;m;m;m;m;m;s;f;f;c;c;c;f;f;f;f;m;m;m;m;m;m;c;m;m;m;s;f;f;f;f;s;f;f;f;f;f;f;f;f;f;f;f;c;c;c;c;c;f;f;f;s;s;s;s;s;s;f;f;f;f;f;f;f;f;
z;z;z;z;p;p;p;z;z;p;p;z;z;z;p;p;z;z;p;p;p;z;z;z;z;z;z;z;z;p;p;p;z;z;p;p;z;z;z;p;p;z;z;p;p;p;z;z;z;z;z;z;z;z;p;p;p;z;z;p;p;z;z;z;p;p;z;z;p;p;p;z;z;z;z;z;z;s;s;s;s;s;s;s;s;s;s;s;s;p;p;s;s;s;s;s;s;s;z;z;z;z;z;z;p;p;p;z;z;p;p;z;z;z;p;p;z;z;p;p;p;z;z;z;z;z;z;z;z;p;p;p;z;z;p;p;z;z;z;p;p;z;z;p;p;p;z;z;z;z;z;z;s;s;s;s;s;s;s;p;p;s;s;s;s;s;s;s;p;p;p;s;s;z;z;z;z;z;z;p;p;p;z;z;p;p;z;z;z;p;p;z;z;p;p;p;z;z;z;z;z;z;z;z;p;p;p;z;z;p;p;z;z;z;p;p;z;z;p;p;p;z;z;z;z;z;z;z;z;p;p;p;z;z;p;p;z;z;z;p;p;z;z;p;p;p;z;z;z;z;
z;z;z;z;p;p;p;z;z;p;p;z;z;z;p;p;z;z;p;p;p;z;z;z;z;z;z;b;b;p;p;p;b;b;p;p;b;b;b;b;b;b;b;p;p;p;b;b;z;z;z;z;z;z;p;p;p;z;z;p;p;z;z;z;p;p;z;z;p;p;p;z;z;z;z;z;z;s;s;s;s;s;s;s;p;p;s;s;s;s;s;s;s;s;s;s;s;s;z;z;z;z;z;z;p;p;p;z;z;p;p;z;z;z;p;p;z;z;p;p;p;z;z;z;z;z;z;z;z;p;p;p;z;z;p;p;z;z;z;p;p;z;z;p;p;p;z;z;z;z;z;z;b;b;b;b;b;b;b;p;p;b;b;b;b;b;b;b;p;p;p;b;b;z;z;z;z;z;z;p;p;p;z;z;p;p;z;z;z;p;p;z;z;p;p;p;z;z;z;z;z;z;s;s;p;p;p;s;s;s;s;s;s;s;p;p;s;s;s;s;s;s;s;z;z;z;z;z;z;p;p;p;z;z;p;p;z;z;z;p;p;z;z;p;p;p;z;z;z;z;
z;z;m;m;z;z;b;b;b;z;z;m;m;m;z;z;m;m;m;z;z;s;s;z;z;b;b;m;m;b;b;b;b;b;b;b;b;b;b;b;b;b;b;b;b;b;b;b;b;b;z;z;m;m;z;z;b;b;b;z;z;m;m;m;z;z;m;m;m;z;z;s;s;z;z;s;s;s;s;s;s;b;b;b;s;s;s;s;s;s;s;m;m;m;s;s;s;s;s;s;z;z;m;m;z;z;b;b;b;z;z;m;m;m;z;z;m;m;m;z;z;s;s;z;z;z;z;m;m;z;z;b;b;b;z;z;m;m;m;z;z;m;m;m;z;z;s;s;z;z;b;b;m;m;b;b;b;b;b;b;b;m;m;m;b;b;b;b;b;b;b;b;s;b;b;z;z;m;m;z;z;b;b;b;z;z;m;m;m;z;z;m;m;m;z;z;s;s;z;z;s;s;s;s;s;s;b;b;b;s;s;m;m;m;s;s;s;s;s;s;s;s;s;s;s;z;z;m;m;z;z;b;b;b;z;z;m;m;m;z;z;m;m;m;z;z;s;s;z;z;
z;z;z;z;p;p;p;z;z;z;z;z;z;z;p;p;z;z;z;z;z;z;z;z;z;z;z;b;b;p;p;p;b;b;b;b;b;b;b;b;b;b;b;p;p;p;b;b;z;z;z;z;z;z;p;p;p;z;z;p;p;z;z;z;p;p;z;z;p;p;p;z;z;z;z;z;z;s;s;s;s;s;s;s;p;p;s;s;s;p;p;s;s;s;s;s;s;s;z;z;z;z;z;z;p;p;p;z;z;p;p;z;z;z;p;p;z;z;p;p;p;z;z;z;z;z;z;z;z;p;p;p;z;z;p;p;z;z;z;p;p;z;z;p;p;p;z;z;z;z;z;z;s;s;p;p;p;s;s;s;s;s;s;s;p;p;s;s;p;p;p;s;s;z;z;z;z;z;z;p;p;p;z;z;p;p;z;z;z;p;p;z;z;p;p;p;z;z;z;z;z;z;b;b;b;b;b;b;b;p;p;b;b;b;p;p;b;b;b;b;b;b;b;z;z;z;z;z;z;z;z;z;z;z;z;z;z;z;z;p;p;z;z;z;z;z;z;z;z;z;
z;z;z;z;z;z;z;z;z;z;z;z;z;z;p;p;z;b;b;z;b;b;z;z;z;z;z;z;z;z;z;z;z;z;z;z;z;z;z;p;p;z;b;b;z;b;b;z;z;z;z;z;z;z;z;z;z;z;z;z;z;z;z;z;p;p;z;b;b;z;b;b;z;z;z;z;z;z;z;z;z;z;z;z;z;z;z;z;z;p;p;z;b;b;z;b;b;z;z;z;p;p;p;p;p;p;p;p;p;p;p;p;p;p;p;p;p;b;b;p;p;p;p;p;p;z;z;z;z;z;z;z;z;z;z;z;z;z;z;p;p;z;b;b;z;b;b;z;z;z;s;s;s;s;s;s;s;s;s;s;s;s;s;s;p;p;s;b;b;s;s;s;s;s;s;z;z;z;z;z;z;z;z;z;z;z;z;z;z;p;p;z;b;b;z;b;b;z;z;z;s;s;s;s;s;s;s;s;s;s;s;s;s;s;s;s;s;s;s;s;b;b;s;s;s;z;z;z;z;z;z;z;z;z;z;z;z;z;z;p;p;z;b;b;z;b;b;z;z;z;
z;z;z;z;z;p;p;z;z;z;s;z;z;z;z;z;b;b;z;z;p;p;z;z;z;s;s;s;s;s;s;s;s;s;s;s;s;b;b;b;b;b;b;b;b;b;b;b;b;b;z;z;z;z;z;p;p;z;z;z;s;z;z;z;z;z;b;b;z;z;p;p;z;z;z;p;p;p;p;p;p;p;p;p;p;s;p;p;p;p;p;p;p;p;p;p;p;p;p;p;z;z;z;z;z;p;p;z;z;z;s;z;z;z;z;z;b;b;z;z;p;p;z;z;z;b;b;b;b;b;b;b;b;b;b;b;b;s;s;s;s;b;b;s;s;p;p;s;s;s;z;z;z;z;z;p;p;z;z;z;s;z;z;z;z;z;b;b;z;z;p;p;z;z;z;z;z;z;z;z;p;p;z;z;z;s;z;z;z;z;z;b;b;z;z;p;p;z;z;z;s;s;s;s;s;p;p;s;s;s;s;s;p;p;p;p;b;b;p;p;p;p;p;p;p;z;z;z;z;z;p;p;z;z;z;s;z;z;z;z;z;b;b;z;z;p;p;z;z;z;
z;z;z;z;z;z;z;z;s;g;g;s;z;z;z;z;z;z;z;g;z;g;z;z;z;p;p;p;p;p;p;p;p;p;p;p;p;p;p;p;p;p;p;p;g;g;g;p;p;p;p;s;s;p;p;s;s;p;p;s;s;p;p;s;s;p;s;s;p;g;z;g;p;s;s;p;p;p;p;p;p;p;p;p;p;p;p;p;p;p;p;p;p;p;g;g;g;p;p;p;z;z;z;z;z;z;z;z;s;g;g;s;z;z;z;z;z;z;z;g;z;g;z;z;z;z;z;z;z;z;z;z;z;s;s;s;s;z;z;z;z;z;z;z;g;g;g;z;z;z;p;p;p;p;p;p;p;p;s;g;g;s;p;p;p;p;p;p;p;p;p;p;p;p;p;p;s;s;p;p;s;s;p;s;s;s;s;p;s;s;p;s;s;p;s;p;s;p;s;s;p;p;p;p;p;p;p;p;s;g;g;s;p;p;p;p;p;p;p;p;p;p;p;p;p;z;z;z;z;z;z;z;z;s;s;s;s;z;z;z;z;z;z;z;g;g;g;z;z;z;
p;p;p;p;p;z;b;b;b;p;p;s;s;p;p;p;p;p;p;z;z;z;p;p;p;p;p;b;b;z;p;b;b;b;p;p;s;s;p;p;p;p;p;p;p;p;p;p;p;p;p;b;p;z;b;p;b;b;b;p;p;s;s;b;b;p;p;p;p;z;z;z;p;p;p;p;b;z;p;b;p;b;b;b;p;p;s;b;p;p;b;p;p;p;p;p;p;p;p;p;p;z;b;b;p;p;b;b;b;p;p;s;b;p;p;b;p;p;p;z;z;z;p;p;p;z;p;p;p;p;p;b;b;b;p;p;s;b;p;p;b;p;p;p;p;p;p;p;p;p;p;p;p;p;p;z;b;b;b;z;z;z;s;b;b;p;p;p;p;z;z;z;p;p;p;p;p;p;p;p;z;b;b;b;z;z;z;s;p;p;p;p;p;p;p;p;p;p;p;p;p;p;p;p;p;z;b;b;b;z;z;z;s;p;p;p;p;p;p;z;z;z;p;p;p;p;p;p;p;p;z;b;b;b;z;z;z;s;p;p;p;p;p;p;p;p;p;p;p;p;
g;g;g;z;z;z;z;z;z;z;z;z;z;z;z;z;z;z;z;z;z;z;g;g;g;g;g;g;z;f;f;f;f;z;z;f;f;f;z;z;f;f;f;z;f;f;z;g;g;g;g;g;g;z;z;z;z;f;z;z;f;z;f;z;z;f;z;f;z;z;f;z;g;g;g;g;g;g;p;p;p;p;f;p;p;f;p;f;p;p;f;p;f;p;p;f;p;g;g;g;g;g;g;p;p;p;p;f;p;p;f;p;f;p;p;f;p;f;p;p;f;p;g;g;g;g;g;g;p;p;p;p;f;p;p;f;p;f;p;p;f;p;f;p;p;f;p;g;g;g;g;g;g;p;p;p;p;f;p;p;f;p;f;p;p;f;p;f;p;p;f;p;g;g;g;g;g;g;z;z;z;z;f;z;z;f;z;f;z;z;f;z;f;z;z;f;z;g;g;g;g;g;g;z;z;z;z;f;f;f;f;z;f;f;f;f;z;f;f;f;f;z;g;g;g;g;g;g;z;z;z;z;z;z;z;z;z;z;z;z;z;z;z;z;z;z;z;g;g;g;
g;g;z;z;z;z;z;z;z;z;z;z;z;z;z;z;z;z;z;z;z;z;z;g;g;g;g;z;z;z;z;g;g;g;z;g;g;g;z;z;g;g;g;z;g;g;g;z;g;g;g;g;z;z;z;z;z;g;z;z;g;z;g;z;z;g;z;g;z;z;g;z;z;g;g;g;g;p;p;p;p;p;f;p;p;f;p;f;p;p;f;p;f;p;p;f;p;p;g;g;g;g;p;p;p;p;p;f;p;p;f;p;f;p;p;f;p;f;p;p;f;p;p;g;g;g;g;p;p;p;p;p;f;p;p;f;p;f;p;p;f;p;f;p;p;f;p;p;g;g;g;g;p;p;p;p;p;f;p;p;f;p;f;p;p;f;p;f;p;p;f;p;p;g;g;g;g;z;z;z;z;z;g;z;z;g;z;g;z;z;g;z;g;z;z;g;z;z;g;g;g;g;z;z;z;z;z;g;g;g;g;z;g;g;g;g;z;g;g;g;g;z;z;g;g;g;g;z;z;z;z;z;z;z;z;z;z;z;z;z;z;z;z;z;z;z;z;z;g;g;
z;z;z;z;z;z;z;z;z;z;z;z;z;z;z;z;z;z;z;z;z;z;z;z;z;z;z;g;g;g;g;g;z;g;g;g;g;g;z;g;g;g;g;g;z;g;g;g;g;g;z;z;g;g;z;g;g;z;g;g;z;g;g;z;g;g;z;g;g;z;g;g;z;g;g;p;p;f;f;p;f;f;p;f;f;p;f;f;p;f;f;p;f;f;p;f;f;p;f;f;p;p;f;f;p;f;f;p;f;f;p;f;f;p;f;f;p;f;f;p;f;f;p;f;f;p;p;f;f;p;f;f;p;f;f;p;f;f;p;f;f;p;f;f;p;f;f;p;f;f;p;p;f;f;p;f;f;p;f;f;p;f;f;p;f;f;p;f;f;p;f;f;p;f;f;z;z;g;g;z;g;g;z;g;g;z;g;g;z;g;g;z;g;g;z;g;g;z;g;g;g;g;g;g;z;g;g;g;g;g;z;g;g;g;g;g;z;g;g;g;g;g;z;g;g;z;z;z;z;z;z;z;z;z;z;z;z;z;z;z;z;z;z;z;z;z;z;z;z;z;
p;p;p;p;z;z;z;z;p;p;z;z;c;c;c;c;z;z;z;z;c;c;z;z;c;p;p;z;z;c;c;c;c;z;z;z;z;c;c;z;z;c;c;c;c;z;z;z;z;c;z;z;z;z;c;c;z;z;p;p;p;p;z;z;z;z;c;c;z;z;p;p;p;p;z;c;c;c;c;z;z;z;z;p;p;z;z;p;p;p;p;z;z;z;z;p;p;z;z;z;c;c;z;z;p;p;p;p;z;z;z;z;p;p;z;z;c;c;c;c;z;z;p;p;p;z;z;z;z;p;p;z;z;c;c;c;c;z;z;z;z;c;c;z;z;z;z;p;p;z;p;p;p;p;z;z;z;z;c;c;z;z;p;p;p;p;z;z;p;p;p;p;z;z;c;p;p;z;z;c;c;c;c;z;z;z;z;p;p;z;z;z;z;p;p;z;z;z;z;c;z;z;z;z;c;c;z;z;p;p;p;p;z;z;p;p;p;p;z;z;c;c;c;c;z;p;p;p;p;z;z;z;z;p;p;z;z;z;z;p;p;z;z;z;z;c;c;z;z;z;
g;g;g;f;f;f;f;f;f;g;g;g;g;c;c;g;g;g;g;c;c;g;g;g;g;g;g;g;f;f;g;g;g;g;g;g;g;g;c;c;g;g;g;g;c;c;g;g;g;g;g;p;p;f;f;p;p;p;p;p;g;g;g;c;c;g;g;g;g;c;c;g;g;g;g;g;g;g;f;f;g;c;c;p;p;c;c;c;c;c;g;g;g;g;c;c;g;g;g;g;g;g;g;f;f;g;g;g;p;p;g;g;g;f;f;f;f;f;f;c;c;f;f;f;f;g;g;g;f;f;g;g;g;p;p;g;g;g;f;f;g;g;g;g;c;c;g;g;g;g;g;g;g;g;g;g;g;g;p;p;g;g;g;f;f;g;g;g;g;c;c;g;g;g;g;g;g;g;g;g;c;c;c;c;c;c;c;c;c;c;c;c;c;c;c;c;g;g;g;g;g;g;g;g;g;g;g;g;p;p;g;g;g;f;f;g;g;g;g;g;g;g;g;g;g;g;g;g;g;g;g;g;g;g;g;g;g;g;g;g;g;g;g;g;g;g;g;g;g;g;
g;g;g;f;f;f;f;f;f;g;g;g;g;c;c;g;g;g;g;c;c;g;g;g;g;g;g;g;f;f;g;g;g;g;g;g;g;g;c;c;g;p;p;p;p;p;p;p;p;p;g;p;p;f;f;p;p;p;p;p;g;g;g;c;c;g;p;p;g;c;c;g;g;g;g;g;g;g;f;f;g;c;c;p;p;c;c;c;c;c;g;p;p;g;c;c;g;g;g;g;p;g;g;g;g;g;g;g;p;p;g;g;g;f;f;f;p;p;f;c;c;f;f;f;f;p;f;f;f;f;f;f;g;p;p;g;g;g;f;f;g;p;p;g;c;c;g;g;g;g;p;g;g;g;g;g;f;g;p;p;g;g;g;f;f;g;g;g;g;c;c;g;g;g;g;p;p;p;p;g;c;f;c;c;c;c;c;c;c;c;c;c;c;c;c;c;g;g;g;g;g;g;g;g;g;g;f;g;p;p;g;g;g;f;f;g;g;g;g;g;g;g;g;g;g;g;g;g;g;g;g;f;g;g;g;g;g;g;g;g;g;g;g;g;g;g;g;g;g;g;
p;k;z;s;g;m;b;f;c;p;k;g;s;m;z;k;k;m;p;z;b;s;p;c;z;c;p;k;z;s;g;m;b;f;c;p;k;g;s;m;z;f;k;m;p;z;b;s;p;c;z;c;p;k;z;s;g;m;b;f;c;p;k;g;s;m;z;f;k;m;p;z;b;s;p;k;z;c;p;k;z;s;g;m;b;f;c;p;k;g;s;m;z;f;k;m;p;z;b;s;m;k;z;c;p;k;z;s;g;m;b;f;c;p;k;g;s;m;z;f;k;m;p;z;b;b;m;k;z;c;p;k;z;s;g;m;b;f;c;p;k;g;s;m;z;f;k;m;p;z;g;b;m;k;z;c;p;k;z;s;g;m;b;f;c;p;k;g;s;m;z;f;k;m;p;f;g;b;m;k;z;c;p;k;z;s;g;m;b;f;c;p;k;g;s;m;z;f;k;m;p;f;g;b;m;k;z;c;p;k;z;s;g;m;b;f;c;p;k;g;s;m;z;f;k;s;p;f;g;b;m;k;z;c;p;k;z;s;g;m;b;f;c;p;k;g;s;m;z;f;
